{
  "model": {
    "type": "composite",
    "models": [
      {
        "type": "minecraft:model",
        "model": "minecraft:item/cloak_armor/cloak_cape",
        "tints": [
          {
            "type": "minecraft:dye",
            "default": -1
          }
        ]
      },
      {
        "type": "minecraft:model",
        "model": "minecraft:item/diamond_chestplate"
      },
      {
        "type": "minecraft:model",
        "model": "minecraft:item/cloak_armor/cloak_hood",
        "tints": [
          {
            "type": "minecraft:dye",
            "default": -1
          }
        ]
      }
    ]
  }
}