{
	"credit": "Made with Blockbench",
	"parent": "item/camcorder",
	"display": {
		"thirdperson_righthand": {
			"rotation": [168, 20, 180],
			"translation": [0.25, 0, 0]
		},
		"thirdperson_lefthand": {
			"rotation": [168, 20, 180],
			"translation": [0.25, 0, 0]
		},
		"firstperson_righthand": {
			"rotation": [180, 0, 180],
			"translation": [6.65, -2.73, 2.5],
			"scale": [2, 2, 2]
		},
		"firstperson_lefthand": {
			"rotation": [180, 0, 180],
			"translation": [-6.65, -2.73, 2.5],
			"scale": [2, 2, 2]
		},
		"gui": {
			"rotation": [0, -41, 0],
			"translation": [0, -2, 0],
			"scale": [2, 2, 2]
		},
		"head": {
			"rotation": [0, 180, 0],
			"translation": [0, 6.75, 0]
		},
		"fixed": {
			"rotation": [-180, 80.5, -180],
			"translation": [0, -3.25, 0],
			"scale": [2, 2, 2]
		}
	}
}