{
	"credit": "Made with Blockbench",
	"texture_size": [8, 8],
	"textures": {
		"0": "item/side_display",
		"2": "item/lense_1",
		"4": "item/camera_lense",
		"5": "item/camera_body",
		"6": "item/back_camera",
		"11": "item/white_1",
		"particle": "item/side_display"
	},
	"elements": [
		{
			"name": "Body",
			"from": [10.25, 8.75, 10],
			"to": [12.5, 10.25, 10.25],
			"rotation": {"angle": 0, "axis": "z", "origin": [10.25, 8.5, 8.25]},
			"faces": {
				"north": {"uv": [0, 0, 4.5, 3], "texture": "#0"},
				"east": {"uv": [6, 4, 6.5, 7], "texture": "#0"},
				"south": {"uv": [0, 4, 4.5, 7], "texture": "#0"},
				"west": {"uv": [0, 8, 0.5, 11], "texture": "#0"},
				"up": {"uv": [10.5, 0.5, 6, 0], "texture": "#0"},
				"down": {"uv": [10.5, 2, 6, 2.5], "texture": "#0"}
			}
		},
		{
			"name": "Body",
			"from": [10.251, 8.751, 10.011],
			"to": [12.499, 10.249, 9.999],
			"rotation": {"angle": 0, "axis": "y", "origin": [10.25, 8.5, 8.05]},
			"faces": {
				"north": {"uv": [0, 12.25, 3.25, 14.25], "texture": "#0"},
				"east": {"uv": [6, 4, 6.5, 7], "texture": "#0"},
				"south": {"uv": [0, 4, 4.5, 7], "texture": "#0"},
				"west": {"uv": [0, 8, 0.5, 11], "texture": "#0"},
				"up": {"uv": [10.5, 0.5, 6, 0], "texture": "#0"},
				"down": {"uv": [10.5, 2, 6, 2.5], "texture": "#0"}
			}
		},
		{
			"name": "Body",
			"from": [7, 7, 4],
			"to": [9, 8, 10],
			"rotation": {"angle": 0, "axis": "z", "origin": [8, 7, 7]},
			"faces": {
				"north": {"uv": [4, 2, 6, 3], "texture": "#5"},
				"east": {"uv": [4, 0, 10, 1], "texture": "#5"},
				"south": {"uv": [4, 3, 6, 4], "texture": "#5"},
				"west": {"uv": [4, 1, 10, 2], "texture": "#5"},
				"up": {"uv": [2, 6, 0, 0], "texture": "#5"},
				"down": {"uv": [4, 0, 2, 6], "texture": "#5"}
			}
		},
		{
			"name": "Body",
			"from": [6.4, 8, 4],
			"to": [9.65, 11.5, 8.5],
			"rotation": {"angle": 0, "axis": "z", "origin": [7, 8, 4]},
			"faces": {
				"north": {"uv": [0, 6, 2.5, 9], "texture": "#5"},
				"east": {"uv": [0, 0, 4.5, 3], "texture": "#5"},
				"south": {"uv": [8, 0, 10.5, 3], "texture": "#5"},
				"west": {"uv": [0, 3, 4.5, 6], "texture": "#5"},
				"up": {"uv": [7.5, 4.5, 5, 0], "texture": "#5"},
				"down": {"uv": [7.5, 5, 5, 9.5], "texture": "#5"}
			}
		},
		{
			"name": "Body",
			"from": [9.5, 8.5, 9],
			"to": [10.25, 10.5, 11],
			"rotation": {"angle": 0, "axis": "z", "origin": [8.25, 8.5, 9]},
			"faces": {
				"north": {"uv": [0, 0, 0.75, 2], "texture": "#5"},
				"east": {"uv": [0, 0, 2, 2], "texture": "#5"},
				"south": {"uv": [0, 0, 0.75, 2], "texture": "#5"},
				"west": {"uv": [0, 0, 2, 2], "texture": "#5"},
				"up": {"uv": [0, 0, 0.75, 2], "texture": "#5"},
				"down": {"uv": [0, 0, 0.75, 2], "texture": "#5"}
			}
		},
		{
			"name": "Camera",
			"from": [9.5, 9.17157, 8.5],
			"to": [10, 10.82843, 11.5],
			"rotation": {"angle": -45, "axis": "z", "origin": [8, 10, 10.5]},
			"faces": {
				"north": {"uv": [7, 4, 7.8125, 4.25], "rotation": 90, "texture": "#4"},
				"east": {"uv": [1.8125, 0, 1, 1.5], "rotation": 270, "texture": "#4"},
				"south": {"uv": [7.5, 2, 8.3125, 2.25], "rotation": 270, "texture": "#4"},
				"west": {"uv": [0.8125, 1.5, 0, 0], "rotation": 270, "texture": "#4"},
				"up": {"uv": [5.5, 4, 7, 4.25], "rotation": 270, "texture": "#4"},
				"down": {"uv": [6, 4.5, 7.5, 4.75], "rotation": 270, "texture": "#4"}
			}
		},
		{
			"name": "Camera",
			"from": [7.17157, 8, 8.5],
			"to": [8.82843, 8.5, 11.5],
			"rotation": {"angle": 0, "axis": "z", "origin": [8, 10, 10.5]},
			"faces": {
				"north": {"uv": [7.5, 2.5, 8.3125, 2.75], "texture": "#4"},
				"east": {"uv": [6, 5, 7.5, 5.25], "texture": "#4"},
				"south": {"uv": [3, 7.5, 3.8125, 7.75], "texture": "#4"},
				"west": {"uv": [6, 5.5, 7.5, 5.75], "texture": "#4"},
				"up": {"uv": [0.8125, 3, 0, 1.5], "texture": "#4"},
				"down": {"uv": [1.8125, 1.5, 1, 3], "texture": "#4"}
			}
		},
		{
			"name": "Camera",
			"from": [6, 9.17157, 8.5],
			"to": [6.5, 10.82843, 11.5],
			"rotation": {"angle": -45, "axis": "z", "origin": [8, 10, 10.5]},
			"faces": {
				"north": {"uv": [7.5, 3, 8.3125, 3.25], "rotation": 90, "texture": "#4"},
				"east": {"uv": [2.8125, 1.5, 2, 3], "rotation": 270, "texture": "#4"},
				"south": {"uv": [7.5, 3.5, 8.3125, 3.75], "rotation": 270, "texture": "#4"},
				"west": {"uv": [2.8125, 1.5, 2, 0], "rotation": 270, "texture": "#4"},
				"up": {"uv": [6, 6, 7.5, 6.25], "rotation": 270, "texture": "#4"},
				"down": {"uv": [6.5, 0, 8, 0.25], "rotation": 270, "texture": "#4"}
			}
		},
		{
			"name": "Camera",
			"from": [7.17157, 11.5, 8.5],
			"to": [8.82843, 12, 11.5],
			"rotation": {"angle": 0, "axis": "z", "origin": [8, 10, 10.5]},
			"faces": {
				"north": {"uv": [7.5, 4.5, 8.3125, 4.75], "texture": "#4"},
				"east": {"uv": [6.5, 0.5, 8, 0.75], "texture": "#4"},
				"south": {"uv": [7.5, 5, 8.3125, 5.25], "texture": "#4"},
				"west": {"uv": [6.5, 1, 8, 1.25], "texture": "#4"},
				"up": {"uv": [0.8125, 4.5, 0, 3], "texture": "#4"},
				"down": {"uv": [3.8125, 0, 3, 1.5], "texture": "#4"}
			}
		},
		{
			"name": "Camera",
			"from": [7.17157, 8, 8.5],
			"to": [8.82843, 8.5, 11.5],
			"rotation": {"angle": -45, "axis": "z", "origin": [8, 10, 10.5]},
			"faces": {
				"north": {"uv": [1.5, 7.5, 1.75, 8.3125], "rotation": 90, "texture": "#4"},
				"east": {"uv": [3.75, 6, 3.5, 7.5], "rotation": 270, "texture": "#4"},
				"south": {"uv": [7.5, 5.5, 7.75, 6.3125], "rotation": 270, "texture": "#4"},
				"west": {"uv": [3.25, 7.5, 3, 6], "rotation": 270, "texture": "#4"},
				"up": {"uv": [1, 3, 2.5, 3.8125], "rotation": 270, "texture": "#4"},
				"down": {"uv": [3, 1.5, 4.5, 2.3125], "rotation": 270, "texture": "#4"}
			}
		},
		{
			"name": "Camera",
			"from": [6, 9.17157, 8.5],
			"to": [6.5, 10.82843, 11.5],
			"rotation": {"angle": 0, "axis": "z", "origin": [8, 10, 10.5]},
			"faces": {
				"north": {"uv": [7.5, 6.5, 7.75, 7.3125], "texture": "#4"},
				"east": {"uv": [2.5, 3, 4, 3.8125], "texture": "#4"},
				"south": {"uv": [7.5, 7.5, 7.75, 8.3125], "texture": "#4"},
				"west": {"uv": [4, 0, 5.5, 0.8125], "texture": "#4"},
				"up": {"uv": [0.25, 8, 0, 6.5], "texture": "#4"},
				"down": {"uv": [0.75, 6.5, 0.5, 8], "texture": "#4"}
			}
		},
		{
			"name": "Camera",
			"from": [7.17157, 11.5, 8.5],
			"to": [8.82843, 12, 11.5],
			"rotation": {"angle": -45, "axis": "z", "origin": [8, 10, 10.5]},
			"faces": {
				"north": {"uv": [0, 8, 0.25, 8.8125], "rotation": 90, "texture": "#4"},
				"east": {"uv": [4.25, 6.5, 4, 8], "rotation": 270, "texture": "#4"},
				"south": {"uv": [8, 0, 8.25, 0.8125], "rotation": 270, "texture": "#4"},
				"west": {"uv": [6.75, 3, 6.5, 1.5], "rotation": 270, "texture": "#4"},
				"up": {"uv": [1, 4, 2.5, 4.8125], "rotation": 270, "texture": "#4"},
				"down": {"uv": [2.5, 4, 4, 4.8125], "rotation": 270, "texture": "#4"}
			}
		},
		{
			"name": "Camera",
			"from": [9.5, 9.17157, 8.5],
			"to": [10, 10.82843, 11.5],
			"rotation": {"angle": 0, "axis": "z", "origin": [8, 10, 10.5]},
			"faces": {
				"north": {"uv": [0.5, 8, 0.75, 8.8125], "texture": "#4"},
				"east": {"uv": [4, 2.5, 5.5, 3.3125], "texture": "#4"},
				"south": {"uv": [8, 1, 8.25, 1.8125], "texture": "#4"},
				"west": {"uv": [4, 3.5, 5.5, 4.3125], "texture": "#4"},
				"up": {"uv": [4.75, 8, 4.5, 6.5], "texture": "#4"},
				"down": {"uv": [5.25, 6.5, 5, 8], "texture": "#4"}
			}
		},
		{
			"name": "Camera",
			"from": [9, 9.37868, 9.5],
			"to": [9.5, 10.62132, 11.5],
			"rotation": {"angle": -45, "axis": "z", "origin": [8, 10, 10.5]},
			"faces": {
				"north": {"uv": [2, 8, 2.625, 8.25], "rotation": 90, "texture": "#4"},
				"east": {"uv": [5.125, 1, 4.5, 2], "rotation": 270, "texture": "#4"},
				"south": {"uv": [3, 8, 3.625, 8.25], "rotation": 270, "texture": "#4"},
				"west": {"uv": [0.625, 5.5, 0, 4.5], "rotation": 270, "texture": "#4"},
				"up": {"uv": [3, 2.5, 4, 2.75], "rotation": 270, "texture": "#4"},
				"down": {"uv": [4.5, 2, 5.5, 2.25], "rotation": 270, "texture": "#4"}
			}
		},
		{
			"name": "Camera",
			"from": [7.37868, 8.5, 9.5],
			"to": [8.62132, 9, 11.5],
			"rotation": {"angle": 0, "axis": "z", "origin": [8, 10, 10.5]},
			"faces": {
				"north": {"uv": [4, 8, 4.625, 8.25], "texture": "#4"},
				"east": {"uv": [6.5, 3, 7.5, 3.25], "texture": "#4"},
				"south": {"uv": [8, 4, 8.625, 4.25], "texture": "#4"},
				"west": {"uv": [6.5, 3.5, 7.5, 3.75], "texture": "#4"},
				"up": {"uv": [4.625, 5.5, 4, 4.5], "texture": "#4"},
				"down": {"uv": [1.625, 5, 1, 6], "texture": "#4"}
			}
		},
		{
			"name": "Camera",
			"from": [6.5, 9.37868, 9.5],
			"to": [7, 10.62132, 11.5],
			"rotation": {"angle": -45, "axis": "z", "origin": [8, 10, 10.5]},
			"faces": {
				"north": {"uv": [5, 8, 5.625, 8.25], "rotation": 90, "texture": "#4"},
				"east": {"uv": [3.625, 5, 3, 6], "rotation": 270, "texture": "#4"},
				"south": {"uv": [8, 5.5, 8.625, 5.75], "rotation": 270, "texture": "#4"},
				"west": {"uv": [2.625, 6, 2, 5], "rotation": 270, "texture": "#4"},
				"up": {"uv": [5.5, 6.5, 6.5, 6.75], "rotation": 270, "texture": "#4"},
				"down": {"uv": [6.5, 6.5, 7.5, 6.75], "rotation": 270, "texture": "#4"}
			}
		},
		{
			"name": "Camera",
			"from": [7.37868, 11, 9.5],
			"to": [8.62132, 11.5, 11.5],
			"rotation": {"angle": 0, "axis": "z", "origin": [8, 10, 10.5]},
			"faces": {
				"north": {"uv": [6, 8, 6.625, 8.25], "texture": "#4"},
				"east": {"uv": [1, 7, 2, 7.25], "texture": "#4"},
				"south": {"uv": [8, 6, 8.625, 6.25], "texture": "#4"},
				"west": {"uv": [7, 1.5, 8, 1.75], "texture": "#4"},
				"up": {"uv": [5.625, 5.5, 5, 4.5], "texture": "#4"},
				"down": {"uv": [0.625, 5.5, 0, 6.5], "texture": "#4"}
			}
		},
		{
			"name": "Camera",
			"from": [7.37868, 8.5, 9.5],
			"to": [8.62132, 9, 11.5],
			"rotation": {"angle": -45, "axis": "z", "origin": [8, 10, 10.5]},
			"faces": {
				"north": {"uv": [8, 6.5, 8.25, 7.125], "rotation": 90, "texture": "#4"},
				"east": {"uv": [7.25, 2, 7, 3], "rotation": 270, "texture": "#4"},
				"south": {"uv": [7, 8, 7.25, 8.625], "rotation": 270, "texture": "#4"},
				"west": {"uv": [2.25, 8, 2, 7], "rotation": 270, "texture": "#4"},
				"up": {"uv": [5.5, 0, 6.5, 0.625], "rotation": 270, "texture": "#4"},
				"down": {"uv": [5.5, 1, 6.5, 1.625], "rotation": 270, "texture": "#4"}
			}
		},
		{
			"name": "Camera",
			"from": [6.5, 9.37868, 9.5],
			"to": [7, 10.62132, 11.5],
			"rotation": {"angle": 0, "axis": "z", "origin": [8, 10, 10.5]},
			"faces": {
				"north": {"uv": [8, 7.5, 8.25, 8.125], "texture": "#4"},
				"east": {"uv": [5.5, 2, 6.5, 2.625], "texture": "#4"},
				"south": {"uv": [8.5, 0, 8.75, 0.625], "texture": "#4"},
				"west": {"uv": [5.5, 3, 6.5, 3.625], "texture": "#4"},
				"up": {"uv": [2.75, 8, 2.5, 7], "texture": "#4"},
				"down": {"uv": [5.75, 7, 5.5, 8], "texture": "#4"}
			}
		},
		{
			"name": "Camera",
			"from": [7.37868, 11, 9.5],
			"to": [8.62132, 11.5, 11.5],
			"rotation": {"angle": -45, "axis": "z", "origin": [8, 10, 10.5]},
			"faces": {
				"north": {"uv": [1, 8.5, 1.25, 9.125], "rotation": 90, "texture": "#4"},
				"east": {"uv": [6.75, 7, 6.5, 8], "rotation": 270, "texture": "#4"},
				"south": {"uv": [8.5, 1, 8.75, 1.625], "rotation": 270, "texture": "#4"},
				"west": {"uv": [6.25, 8, 6, 7], "rotation": 270, "texture": "#4"},
				"up": {"uv": [4, 5.5, 5, 6.125], "rotation": 270, "texture": "#4"},
				"down": {"uv": [5, 5.5, 6, 6.125], "rotation": 270, "texture": "#4"}
			}
		},
		{
			"name": "Camera",
			"from": [9, 9.37868, 9.5],
			"to": [9.5, 10.62132, 11.5],
			"rotation": {"angle": 0, "axis": "z", "origin": [8, 10, 10.5]},
			"faces": {
				"north": {"uv": [1.5, 8.5, 1.75, 9.125], "texture": "#4"},
				"east": {"uv": [1, 6, 2, 6.625], "texture": "#4"},
				"south": {"uv": [2, 8.5, 2.25, 9.125], "texture": "#4"},
				"west": {"uv": [2, 6, 3, 6.625], "texture": "#4"},
				"up": {"uv": [7.25, 8, 7, 7], "texture": "#4"},
				"down": {"uv": [1.25, 7.5, 1, 8.5], "texture": "#4"}
			}
		},
		{
			"name": "Blue",
			"from": [8.001, 9.58579, 9],
			"to": [9, 10.41421, 10],
			"rotation": {"angle": -45, "axis": "z", "origin": [8, 10, 9.5]},
			"faces": {
				"north": {"uv": [4, 0, 7.5, 4], "rotation": 90, "texture": "#2"},
				"east": {"uv": [11.5, 0, 8, 4], "rotation": 270, "texture": "#2"},
				"south": {"uv": [4, 4, 7.5, 8], "rotation": 270, "texture": "#2"},
				"west": {"uv": [3.5, 12, 0, 8], "rotation": 270, "texture": "#2"},
				"up": {"uv": [0, 0, 4, 4], "rotation": 270, "texture": "#2"},
				"down": {"uv": [0, 4, 4, 8], "rotation": 270, "texture": "#2"}
			}
		},
		{
			"name": "Blue",
			"from": [7.58579, 9, 9],
			"to": [8.41421, 9.999, 10],
			"rotation": {"angle": 0, "axis": "z", "origin": [8, 10, 9.5]},
			"faces": {
				"north": {"uv": [4, 0, 7.5, 4], "texture": "#2"},
				"east": {"uv": [0, 0, 4, 4], "texture": "#2"},
				"south": {"uv": [4, 4, 7.5, 8], "texture": "#2"},
				"west": {"uv": [0, 4, 4, 8], "texture": "#2"},
				"up": {"uv": [3.5, 12, 0, 8], "texture": "#2"},
				"down": {"uv": [11.5, 0, 8, 4], "texture": "#2"}
			}
		},
		{
			"name": "Blue",
			"from": [7, 9.58579, 9],
			"to": [7.999, 10.41421, 10],
			"rotation": {"angle": -45, "axis": "z", "origin": [8, 10, 9.5]},
			"faces": {
				"north": {"uv": [4, 0, 7.5, 4], "rotation": 90, "texture": "#2"},
				"east": {"uv": [11.5, 0, 8, 4], "rotation": 270, "texture": "#2"},
				"south": {"uv": [4, 4, 7.5, 8], "rotation": 270, "texture": "#2"},
				"west": {"uv": [3.5, 12, 0, 8], "rotation": 270, "texture": "#2"},
				"up": {"uv": [0, 0, 4, 4], "rotation": 270, "texture": "#2"},
				"down": {"uv": [0, 4, 4, 8], "rotation": 270, "texture": "#2"}
			}
		},
		{
			"name": "Blue",
			"from": [7.58579, 10.001, 9],
			"to": [8.41421, 11, 10],
			"rotation": {"angle": 0, "axis": "z", "origin": [8, 10, 9.5]},
			"faces": {
				"north": {"uv": [4, 0, 7.5, 4], "texture": "#2"},
				"east": {"uv": [0, 0, 4, 4], "texture": "#2"},
				"south": {"uv": [4, 4, 7.5, 8], "texture": "#2"},
				"west": {"uv": [0, 4, 4, 8], "texture": "#2"},
				"up": {"uv": [3.5, 12, 0, 8], "texture": "#2"},
				"down": {"uv": [11.5, 0, 8, 4], "texture": "#2"}
			}
		},
		{
			"name": "Blue",
			"from": [7.58579, 9, 9],
			"to": [8.41421, 9.999, 10],
			"rotation": {"angle": -45, "axis": "z", "origin": [8, 10, 9.5]},
			"faces": {
				"north": {"uv": [4, 0, 8, 3.25], "rotation": 90, "texture": "#2"},
				"east": {"uv": [4, 4, 0, 8], "rotation": 270, "texture": "#2"},
				"south": {"uv": [0, 8, 4, 11.25], "rotation": 270, "texture": "#2"},
				"west": {"uv": [4, 4, 0, 0], "rotation": 270, "texture": "#2"},
				"up": {"uv": [4, 4, 8, 7.25], "rotation": 270, "texture": "#2"},
				"down": {"uv": [8, 0, 12, 3.25], "rotation": 270, "texture": "#2"}
			}
		},
		{
			"name": "Blue",
			"from": [7, 9.58579, 9],
			"to": [7.999, 10.41421, 10],
			"rotation": {"angle": 0, "axis": "z", "origin": [8, 10, 9.5]},
			"faces": {
				"north": {"uv": [4, 0, 8, 3.25], "texture": "#2"},
				"east": {"uv": [4, 4, 8, 7.25], "texture": "#2"},
				"south": {"uv": [0, 8, 4, 11.25], "texture": "#2"},
				"west": {"uv": [8, 0, 12, 3.25], "texture": "#2"},
				"up": {"uv": [4, 4, 0, 0], "texture": "#2"},
				"down": {"uv": [4, 4, 0, 8], "texture": "#2"}
			}
		},
		{
			"name": "Blue",
			"from": [7.58579, 10.001, 9],
			"to": [8.41421, 11, 10],
			"rotation": {"angle": -45, "axis": "z", "origin": [8, 10, 9.5]},
			"faces": {
				"north": {"uv": [4, 0, 8, 3.25], "rotation": 90, "texture": "#2"},
				"east": {"uv": [4, 4, 0, 8], "rotation": 270, "texture": "#2"},
				"south": {"uv": [0, 8, 4, 11.25], "rotation": 270, "texture": "#2"},
				"west": {"uv": [4, 4, 0, 0], "rotation": 270, "texture": "#2"},
				"up": {"uv": [4, 4, 8, 7.25], "rotation": 270, "texture": "#2"},
				"down": {"uv": [8, 0, 12, 3.25], "rotation": 270, "texture": "#2"}
			}
		},
		{
			"name": "Blue",
			"from": [8.001, 9.58579, 9],
			"to": [9, 10.41421, 10],
			"rotation": {"angle": 0, "axis": "z", "origin": [8, 10, 9.5]},
			"faces": {
				"north": {"uv": [4, 0, 8, 3.25], "texture": "#2"},
				"east": {"uv": [4, 4, 8, 7.25], "texture": "#2"},
				"south": {"uv": [0, 8, 4, 11.25], "texture": "#2"},
				"west": {"uv": [8, 0, 12, 3.25], "texture": "#2"},
				"up": {"uv": [4, 4, 0, 0], "texture": "#2"},
				"down": {"uv": [4, 4, 0, 8], "texture": "#2"}
			}
		},
		{
			"name": "White",
			"from": [9.5, 9.17157, 11.5],
			"to": [10, 10.82843, 12],
			"rotation": {"angle": -45, "axis": "z", "origin": [8, 10, 11]},
			"faces": {
				"north": {"uv": [0, 0, 3.375, 1], "rotation": 90, "texture": "#11"},
				"east": {"uv": [7.375, 0, 4, 1], "rotation": 270, "texture": "#11"},
				"south": {"uv": [0, 2, 3.375, 3], "rotation": 270, "texture": "#11"},
				"west": {"uv": [3.375, 5, 0, 4], "rotation": 270, "texture": "#11"},
				"up": {"uv": [0, 12, 1, 13], "rotation": 270, "texture": "#11"},
				"down": {"uv": [12, 0, 13, 1], "rotation": 270, "texture": "#11"}
			}
		},
		{
			"name": "White",
			"from": [7.17157, 8, 11.5],
			"to": [8.82843, 8.5, 12],
			"rotation": {"angle": 0, "axis": "z", "origin": [8, 10, 11]},
			"faces": {
				"north": {"uv": [4, 2, 7.375, 3], "texture": "#11"},
				"east": {"uv": [2, 12, 3, 13], "texture": "#11"},
				"south": {"uv": [4, 4, 7.375, 5], "texture": "#11"},
				"west": {"uv": [12, 2, 13, 3], "texture": "#11"},
				"up": {"uv": [3.375, 7, 0, 6], "texture": "#11"},
				"down": {"uv": [7.375, 6, 4, 7], "texture": "#11"}
			}
		},
		{
			"name": "White",
			"from": [6, 9.17157, 11.5],
			"to": [6.5, 10.82843, 12],
			"rotation": {"angle": -45, "axis": "z", "origin": [8, 10, 11]},
			"faces": {
				"north": {"uv": [0, 8, 3.375, 9], "rotation": 90, "texture": "#11"},
				"east": {"uv": [7.375, 8, 4, 9], "rotation": 270, "texture": "#11"},
				"south": {"uv": [8, 0, 11.375, 1], "rotation": 270, "texture": "#11"},
				"west": {"uv": [11.375, 3, 8, 2], "rotation": 270, "texture": "#11"},
				"up": {"uv": [12, 4, 13, 5], "rotation": 270, "texture": "#11"},
				"down": {"uv": [12, 6, 13, 7], "rotation": 270, "texture": "#11"}
			}
		},
		{
			"name": "White",
			"from": [7.17157, 11.5, 11.5],
			"to": [8.82843, 12, 12],
			"rotation": {"angle": 0, "axis": "z", "origin": [8, 10, 11]},
			"faces": {
				"north": {"uv": [8, 4, 11.375, 5], "texture": "#11"},
				"east": {"uv": [12, 8, 13, 9], "texture": "#11"},
				"south": {"uv": [8, 6, 11.375, 7], "texture": "#11"},
				"west": {"uv": [12, 10, 13, 11], "texture": "#11"},
				"up": {"uv": [11.375, 9, 8, 8], "texture": "#11"},
				"down": {"uv": [3.375, 10, 0, 11], "texture": "#11"}
			}
		},
		{
			"name": "White",
			"from": [7.17157, 8, 11.5],
			"to": [8.82843, 8.5, 12],
			"rotation": {"angle": -45, "axis": "z", "origin": [8, 10, 11]},
			"faces": {
				"north": {"uv": [4, 10, 5, 13.375], "rotation": 90, "texture": "#11"},
				"east": {"uv": [1, 14, 0, 15], "rotation": 270, "texture": "#11"},
				"south": {"uv": [8, 10, 9, 13.375], "rotation": 270, "texture": "#11"},
				"west": {"uv": [13, 13, 12, 12], "rotation": 270, "texture": "#11"},
				"up": {"uv": [6, 10, 7, 13.375], "rotation": 270, "texture": "#11"},
				"down": {"uv": [10, 10, 11, 13.375], "rotation": 270, "texture": "#11"}
			}
		},
		{
			"name": "White",
			"from": [6, 9.17157, 11.5],
			"to": [6.5, 10.82843, 12],
			"rotation": {"angle": 0, "axis": "z", "origin": [8, 10, 11]},
			"faces": {
				"north": {"uv": [4, 10, 5, 13.375], "texture": "#11"},
				"east": {"uv": [6, 10, 7, 13.375], "texture": "#11"},
				"south": {"uv": [8, 10, 9, 13.375], "texture": "#11"},
				"west": {"uv": [10, 10, 11, 13.375], "texture": "#11"},
				"up": {"uv": [12, 12, 13, 13], "texture": "#11"},
				"down": {"uv": [0, 14, 1, 15], "texture": "#11"}
			}
		},
		{
			"name": "White",
			"from": [7.17157, 11.5, 11.5],
			"to": [8.82843, 12, 12],
			"rotation": {"angle": -45, "axis": "z", "origin": [8, 10, 11]},
			"faces": {
				"north": {"uv": [4, 10, 5, 13.375], "rotation": 90, "texture": "#11"},
				"east": {"uv": [0, 14, 1, 15], "rotation": 270, "texture": "#11"},
				"south": {"uv": [8, 10, 9, 13.375], "rotation": 270, "texture": "#11"},
				"west": {"uv": [12, 12, 13, 13], "rotation": 270, "texture": "#11"},
				"up": {"uv": [6, 10, 7, 13.375], "rotation": 270, "texture": "#11"},
				"down": {"uv": [10, 10, 11, 13.375], "rotation": 270, "texture": "#11"}
			}
		},
		{
			"name": "White",
			"from": [9.5, 9.17157, 11.5],
			"to": [10, 10.82843, 12],
			"rotation": {"angle": 0, "axis": "z", "origin": [8, 10, 11]},
			"faces": {
				"north": {"uv": [4, 10, 5, 13.375], "texture": "#11"},
				"east": {"uv": [6, 10, 7, 13.375], "texture": "#11"},
				"south": {"uv": [8, 10, 9, 13.375], "texture": "#11"},
				"west": {"uv": [10, 10, 11, 13.375], "texture": "#11"},
				"up": {"uv": [12, 12, 13, 13], "texture": "#11"},
				"down": {"uv": [0, 14, 1, 15], "texture": "#11"}
			}
		},
		{
			"from": [6.75, 8.5, 3.75],
			"to": [9.25, 11.25, 4],
			"rotation": {"angle": 0, "axis": "z", "origin": [6.5, 8.5, 2]},
			"faces": {
				"north": {"uv": [0, 0, 5, 5.5], "texture": "#6"},
				"east": {"uv": [6, 0, 6.5, 5.5], "texture": "#6"},
				"south": {"uv": [0, 6, 5, 11.5], "texture": "#6"},
				"west": {"uv": [6, 6, 6.5, 11.5], "texture": "#6"},
				"up": {"uv": [13, 0.5, 8, 0], "texture": "#6"},
				"down": {"uv": [13, 2, 8, 2.5], "texture": "#6"}
			}
		},
		{
			"from": [7, 9.25, 3.5],
			"to": [7.5, 10.25, 4],
			"rotation": {"angle": 0, "axis": "z", "origin": [6.75, 8.25, 2]},
			"faces": {
				"north": {"uv": [8, 4, 9, 6], "texture": "#6"},
				"east": {"uv": [8, 6, 9, 8], "texture": "#6"},
				"south": {"uv": [8, 8, 9, 10], "texture": "#6"},
				"west": {"uv": [10, 4, 11, 6], "texture": "#6"},
				"up": {"uv": [11, 7, 10, 6], "texture": "#6"},
				"down": {"uv": [9, 10, 8, 11], "texture": "#6"}
			}
		}
	],
	"display": {
		"thirdperson_righthand": {
			"rotation": [-175.52, 1.57, -179.4],
			"translation": [0.25, 0, 0]
		},
		"thirdperson_lefthand": {
			"rotation": [0, 180, 0]
		},
		"firstperson_righthand": {
			"rotation": [180, 2.28, 180]
		},
		"firstperson_lefthand": {
			"rotation": [180, 10.5, -180]
		},
		"gui": {
			"rotation": [0, -41, 0],
			"translation": [0, -2, 0],
			"scale": [2, 2, 2]
		},
		"head": {
			"rotation": [0, 180, 0],
			"translation": [0, 6.75, 0]
		},
		"fixed": {
			"rotation": [-180, 80.5, -180],
			"translation": [0, -3.25, 0],
			"scale": [2, 2, 2]
		}
	},
	"groups": [
		0,
		1,
		{
			"name": "Body",
			"origin": [8.25, 8.5, 6],
			"color": 0,
			"children": [2, 3, 4]
		},
		{
			"name": "Camera",
			"origin": [0, 3, -2],
			"color": 0,
			"children": [5, 6, 7, 8, 9, 10, 11, 12, 13, 14, 15, 16, 17, 18, 19, 20]
		},
		{
			"name": "group",
			"origin": [0, 3, -2],
			"color": 0,
			"children": [21, 22, 23, 24, 25, 26, 27, 28]
		},
		{
			"name": "White",
			"origin": [0, 3, -5],
			"color": 0,
			"children": [29, 30, 31, 32, 33, 34, 35, 36]
		},
		{
			"name": "Stuff",
			"origin": [6.75, 8.25, 2],
			"color": 0,
			"children": [37, 38]
		}
	]
}