{
	"credit": "Made with Blockbench",
	"parent": "item/generated",
	"textures": {
		"layer0": "item/dwarf_battleaxe"
	},
	"gui_light": "front",
	"display": {
		"thirdperson_righthand": {
			"rotation": [0, -90, 55],
			"translation": [0, 8.25, -0.25],
			"scale": [1.7, 1.7, 0.85]
		},
		"thirdperson_lefthand": {
			"rotation": [0, 90, -55],
			"translation": [0, 8.25, -0.25],
			"scale": [1.7, 1.7, 0.85]
		},
		"firstperson_righthand": {
			"rotation": [0, -90, 25],
			"translation": [1.13, 7.45, 1.38],
			"scale": [1.36, 1.36, 0.68]
		},
		"firstperson_lefthand": {
			"rotation": [0, 90, -25],
			"translation": [1.13, 7.45, 1.38],
			"scale": [1.36, 1.36, 0.68]
		},
		"ground": {
			"translation": [2.75, 5.25, 0],
			"scale": [1, 1, 0.5]
		},
		"gui": {
			"translation": [3.1305, 3.1305, 0],
			"scale": [1.3913, 1.3913, 1]
		},
		"head": {
			"rotation": [0, 180, 0],
			"translation": [-5, 20.5, 7],
			"scale": [2, 2, 1]
		},
		"fixed": {
			"rotation": [0, 180, 0],
			"translation": [-3.1305, 3.1305, 0],
			"scale": [1.3913, 1.3913, 1]
		}
	}
}