{
	"credit": "Made with Blockbench",
	"texture_size": [32, 32],
	"textures": {
		"0": "item/echo_staff",
		"particle": "item/echo_staff"
	},
	"elements": [
		{
			"from": [6.5, -4, 6.5],
			"to": [9.5, 2, 9.5],
			"rotation": {"angle": 0, "axis": "x", "origin": [8, -1, 8]},
			"faces": {
				"north": {"uv": [7, 1.5, 8.5, 4.5], "rotation": 180, "texture": "#0"},
				"east": {"uv": [5.5, 1.5, 7, 4.5], "rotation": 180, "texture": "#0"},
				"south": {"uv": [4, 1.5, 5.5, 4.5], "rotation": 180, "texture": "#0"},
				"west": {"uv": [8.5, 1.5, 10, 4.5], "rotation": 180, "texture": "#0"},
				"up": {"uv": [7, 0, 8.5, 1.5], "texture": "#0"},
				"down": {"uv": [5.5, 0, 7, 1.5], "texture": "#0"}
			}
		},
		{
			"from": [6.5, 26, 6.5],
			"to": [9.5, 32, 9.5],
			"rotation": {"angle": 0, "axis": "y", "origin": [6.5, 27, 6.5]},
			"faces": {
				"north": {"uv": [4, 1.5, 5.5, 4.5], "texture": "#0"},
				"east": {"uv": [5.5, 1.5, 7, 4.5], "texture": "#0"},
				"south": {"uv": [7, 1.5, 8.5, 4.5], "texture": "#0"},
				"west": {"uv": [8.5, 1.5, 10, 4.5], "texture": "#0"},
				"up": {"uv": [5.5, 0, 7, 1.5], "texture": "#0"},
				"down": {"uv": [7, 0, 8.5, 1.5], "texture": "#0"}
			}
		},
		{
			"from": [7, 2, 7],
			"to": [9, 26, 9],
			"rotation": {"angle": 0, "axis": "y", "origin": [7, -1, 7]},
			"faces": {
				"north": {"uv": [2, 1, 3, 13], "texture": "#0"},
				"east": {"uv": [3, 1, 4, 13], "texture": "#0"},
				"south": {"uv": [0, 1, 1, 13], "texture": "#0"},
				"west": {"uv": [1, 1, 2, 13], "texture": "#0"},
				"up": {"uv": [1, 0, 2, 1], "texture": "#0"},
				"down": {"uv": [2, 0, 3, 1], "texture": "#0"}
			}
		}
	],
	"gui_light": "front",
	"display": {
		"thirdperson_righthand": {
			"rotation": [0, 45, 0],
			"translation": [0, -7.25, 1.75]
		},
		"thirdperson_lefthand": {
			"rotation": [0, 45, 0],
			"translation": [0, -7.25, 1.75]
		},
		"firstperson_righthand": {
			"rotation": [12, -113, 4],
			"translation": [1.13, -1.3, 0.38],
			"scale": [0.68, 0.68, 0.68]
		},
		"firstperson_lefthand": {
			"rotation": [12, -113, 4],
			"translation": [1.13, -1.3, 0.38],
			"scale": [0.68, 0.68, 0.68]
		},
		"ground": {
			"translation": [0, 4.75, 0],
			"scale": [0.45, 0.45, 0.45]
		},
		"gui": {
			"rotation": [41, -142, 23],
			"translation": [-0.5, -2.5, 0],
			"scale": [0.49023, 0.49023, 0.49023]
		},
		"fixed": {
			"translation": [-0.5, -3, 0],
			"scale": [0.52148, 0.52148, 0.52148]
		}
	}
}