{
	"format_version": "1.21.6",
	"credit": "Made with Blockbench",
	"texture_size": [32, 32],
	"textures": {
		"0": "item/echo_staff",
		"1": "item/echo_staff_e",
		"particle": "item/echo_staff"
	},
	"elements": [
		{
			"from": [7, 2, 7],
			"to": [9, 26, 9],
			"rotation": {"angle": 0, "axis": "y", "origin": [7, 2, 7]},
			"faces": {
				"north": {"uv": [1, 1, 2, 13], "texture": "#0"},
				"east": {"uv": [0, 1, 1, 13], "texture": "#0"},
				"south": {"uv": [3, 1, 4, 13], "texture": "#0"},
				"west": {"uv": [2, 1, 3, 13], "texture": "#0"},
				"up": {"uv": [2, 1, 1, 0], "texture": "#0"},
				"down": {"uv": [3, 0, 2, 1], "texture": "#0"}
			}
		},
		{
			"from": [6.5, 26, 6.5],
			"to": [9.5, 32, 9.5],
			"rotation": {"angle": 0, "axis": "y", "origin": [6.5, 26, 6.5]},
			"faces": {
				"north": {"uv": [5.5, 1.5, 7, 4.5], "texture": "#0"},
				"east": {"uv": [4, 1.5, 5.5, 4.5], "texture": "#0"},
				"south": {"uv": [8.5, 1.5, 10, 4.5], "texture": "#0"},
				"west": {"uv": [7, 1.5, 8.5, 4.5], "texture": "#0"},
				"up": {"uv": [7, 1.5, 5.5, 0], "texture": "#0"},
				"down": {"uv": [8.5, 0, 7, 1.5], "texture": "#0"}
			}
		},
		{
			"from": [6.5, -4, 6.5],
			"to": [9.5, 2, 9.5],
			"rotation": {"angle": 0, "axis": "y", "origin": [6.5, -4, 6.5]},
			"faces": {
				"north": {"uv": [5.5, 6, 7, 9], "texture": "#0"},
				"east": {"uv": [4, 6, 5.5, 9], "texture": "#0"},
				"south": {"uv": [8.5, 6, 10, 9], "texture": "#0"},
				"west": {"uv": [7, 6, 8.5, 9], "texture": "#0"},
				"up": {"uv": [7, 6, 5.5, 4.5], "texture": "#0"},
				"down": {"uv": [8.5, 4.5, 7, 6], "texture": "#0"}
			}
		},
		{
			"from": [7, 2, 7],
			"to": [9, 26, 9],
			"light_emission": 15,
			"rotation": {"angle": 0, "axis": "y", "origin": [7, 2, 7]},
			"faces": {
				"north": {"uv": [1, 1, 2, 13], "texture": "#1"},
				"east": {"uv": [0, 1, 1, 13], "texture": "#1"},
				"south": {"uv": [3, 1, 4, 13], "texture": "#1"},
				"west": {"uv": [2, 1, 3, 13], "texture": "#1"},
				"up": {"uv": [2, 1, 1, 0], "texture": "#1"},
				"down": {"uv": [3, 0, 2, 1], "texture": "#1"}
			}
		},
		{
			"from": [6.5, 26, 6.5],
			"to": [9.5, 32, 9.5],
			"light_emission": 15,
			"rotation": {"angle": 0, "axis": "y", "origin": [6.5, 26, 6.5]},
			"faces": {
				"north": {"uv": [5.5, 1.5, 7, 4.5], "texture": "#1"},
				"east": {"uv": [4, 1.5, 5.5, 4.5], "texture": "#1"},
				"south": {"uv": [8.5, 1.5, 10, 4.5], "texture": "#1"},
				"west": {"uv": [7, 1.5, 8.5, 4.5], "texture": "#1"},
				"up": {"uv": [7, 1.5, 5.5, 0], "texture": "#1"},
				"down": {"uv": [8.5, 0, 7, 1.5], "texture": "#1"}
			}
		},
		{
			"from": [6.5, -4, 6.5],
			"to": [9.5, 2, 9.5],
			"light_emission": 15,
			"rotation": {"angle": 0, "axis": "y", "origin": [6.5, -4, 6.5]},
			"faces": {
				"north": {"uv": [5.5, 6, 7, 9], "texture": "#1"},
				"east": {"uv": [4, 6, 5.5, 9], "texture": "#1"},
				"south": {"uv": [8.5, 6, 10, 9], "texture": "#1"},
				"west": {"uv": [7, 6, 8.5, 9], "texture": "#1"},
				"up": {"uv": [7, 6, 5.5, 4.5], "texture": "#1"},
				"down": {"uv": [8.5, 4.5, 7, 6], "texture": "#1"}
			}
		}
	],
	"display": {
		"thirdperson_righthand": {
			"rotation": [0, -45, 0],
			"translation": [-0.25, -6.75, 1.75]
		},
		"thirdperson_lefthand": {
			"rotation": [0, -45, 0],
			"translation": [-0.25, -6.75, 1.75]
		},
		"firstperson_righthand": {
			"rotation": [0, -75, -10],
			"translation": [1.13, -0.55, -1.12],
			"scale": [0.68, 0.68, 0.68]
		},
		"firstperson_lefthand": {
			"rotation": [0, -75, -10],
			"translation": [1.13, -0.55, -1.12],
			"scale": [0.68, 0.68, 0.68]
		}
	},
	"groups": [
		{
			"name": "normal",
			"origin": [7, 2, 7],
			"color": 0,
			"children": [0, 1, 2]
		},
		{
			"name": "emissive",
			"origin": [7, 2, 7],
			"color": 0,
			"children": [3, 4, 5]
		}
	]
}