{
	"format_version": "1.21.6",
	"credit": "Made with Blockbench",
	"parent": "item/generated",
	"textures": {
		"layer0": "item/elder_guardian_horn_pike"
	},
	"gui_light": "front",
	"display": {
		"thirdperson_righthand": {
			"rotation": [0, -90, 55],
			"translation": [0, 1.5, 1],
			"scale": [1.7, 1.7, 0.85]
		},
		"thirdperson_lefthand": {
			"rotation": [0, 90, -55],
			"translation": [0, 1.5, 1],
			"scale": [1.7, 1.7, 0.85]
		},
		"firstperson_righthand": {
			"rotation": [0, -90, 25],
			"translation": [1.13, 0.45, -0.62],
			"scale": [1.36, 1.36, 0.68]
		},
		"firstperson_lefthand": {
			"rotation": [0, 90, -25],
			"translation": [1.13, 0.45, -0.62],
			"scale": [1.36, 1.36, 0.68]
		},
		"ground": {
			"translation": [0, 5.5, 0],
			"scale": [1, 1, 0.5]
		},
		"head": {
			"translation": [0, 14, 0],
			"scale": [1, 1, 0.5]
		},
		"fixed": {
			"rotation": [0, -180, 0],
			"scale": [1, 1, 0.5]
		}
	}
}