{
	"credit": "Made with Blockbench",
	"textures": {
		"4": "item/geiger_texture",
		"5": "item/geiger",
		"6": "item/texture",
		"7": "item/texture2"
	},
	"elements": [
		{
			"from": [6.5, 7, 6],
			"to": [9.5, 9, 11.75],
			"rotation": {"angle": 0, "axis": "y", "origin": [7.5, 7, 6]},
			"faces": {
				"north": {"uv": [6, 0, 9, 2], "texture": "#4"},
				"east": {"uv": [0, 5, 5, 7], "texture": "#4"},
				"south": {"uv": [6, 2, 9, 4], "texture": "#4"},
				"west": {"uv": [5, 5, 10, 7], "texture": "#4"},
				"up": {"uv": [3, 5, 0, 0], "texture": "#4"},
				"down": {"uv": [6, 0, 3, 5], "texture": "#4"}
			}
		},
		{
			"from": [7.5, 9, 10.75],
			"to": [8.5, 11, 11.75],
			"rotation": {"angle": 0, "axis": "y", "origin": [7.5, 9, 9.75]},
			"faces": {
				"north": {"uv": [0, 0, 1, 2], "texture": "#7"},
				"east": {"uv": [1, 0, 2, 2], "texture": "#7"},
				"south": {"uv": [0, 2, 1, 4], "texture": "#7"},
				"west": {"uv": [2, 0, 3, 2], "texture": "#7"},
				"up": {"uv": [2, 3, 1, 2], "texture": "#7"},
				"down": {"uv": [3, 2, 2, 3], "texture": "#7"}
			}
		},
		{
			"from": [7.501, 10.001, 10.001],
			"to": [8.499, 10.999, 10.999],
			"rotation": {"angle": 0, "axis": "y", "origin": [7.5, 10, 9]},
			"faces": {
				"north": {"uv": [0, 0, 1, 1], "texture": "#5"},
				"east": {"uv": [0, 1, 1, 2], "texture": "#5"},
				"south": {"uv": [1, 0, 2, 1], "texture": "#5"},
				"west": {"uv": [1, 1, 2, 2], "texture": "#5"},
				"up": {"uv": [1, 3, 0, 2], "texture": "#5"},
				"down": {"uv": [3, 0, 2, 1], "texture": "#5"}
			}
		},
		{
			"from": [7.5, 9, 8.5],
			"to": [8.5, 10, 9.5],
			"rotation": {"angle": 0, "axis": "y", "origin": [7.5, 9, 7.5]},
			"faces": {
				"north": {"uv": [0, 0, 1, 1], "texture": "#6"},
				"east": {"uv": [0, 1, 1, 2], "texture": "#6"},
				"south": {"uv": [1, 0, 2, 1], "texture": "#6"},
				"west": {"uv": [1, 1, 2, 2], "texture": "#6"},
				"up": {"uv": [1, 3, 0, 2], "texture": "#6"},
				"down": {"uv": [3, 0, 2, 1], "texture": "#6"}
			}
		}
	],
	"display": {
		"firstperson_righthand": {
			"rotation": [78, -10, 28],
			"translation": [0, 4.5, 0.5]
		},
		"firstperson_lefthand": {
			"rotation": [78, -10, 28],
			"translation": [0, 4.5, 0.5]
		}
	}
}