{
	"credit": "Made with Blockbench",
	"texture_size": [32, 32],
	"textures": {
		"0": "item/phonograph",
		"particle": "item/phonograph"
	},
	"elements": [
		{
			"from": [3.5, 0, 11],
			"to": [12.5, 9, 12],
			"rotation": {"angle": 0, "axis": "y", "origin": [3.5, 0, 11]},
			"faces": {
				"north": {"uv": [0.5, 0.5, 5, 5], "texture": "#0"},
				"east": {"uv": [0, 0.5, 0.5, 5], "texture": "#0"},
				"south": {"uv": [5.5, 0.5, 10, 5], "texture": "#0"},
				"west": {"uv": [5, 0.5, 5.5, 5], "texture": "#0"},
				"up": {"uv": [5, 0.5, 0.5, 0], "texture": "#0"},
				"down": {"uv": [9.5, 0, 5, 0.5], "texture": "#0"}
			}
		},
		{
			"from": [5.5, 2, 9],
			"to": [10.5, 7, 11],
			"rotation": {"angle": 0, "axis": "y", "origin": [5.5, 2, 9]},
			"faces": {
				"north": {"uv": [1, 6, 3.5, 8.5], "texture": "#0"},
				"east": {"uv": [0, 6, 1, 8.5], "texture": "#0"},
				"south": {"uv": [4.5, 6, 7, 8.5], "texture": "#0"},
				"west": {"uv": [3.5, 6, 4.5, 8.5], "texture": "#0"},
				"up": {"uv": [3.5, 6, 1, 5], "texture": "#0"},
				"down": {"uv": [6, 5, 3.5, 6], "texture": "#0"}
			}
		},
		{
			"from": [6.5, 3, 5],
			"to": [9.5, 6, 9],
			"rotation": {"angle": 0, "axis": "y", "origin": [6.5, 4, 8]},
			"faces": {
				"north": {"uv": [2, 10.5, 3.5, 12], "texture": "#0"},
				"east": {"uv": [0, 10.5, 2, 12], "texture": "#0"},
				"south": {"uv": [5.5, 10.5, 7, 12], "texture": "#0"},
				"west": {"uv": [3.5, 10.5, 5.5, 12], "texture": "#0"},
				"up": {"uv": [3.5, 10.5, 2, 8.5], "texture": "#0"},
				"down": {"uv": [5, 8.5, 3.5, 10.5], "texture": "#0"}
			}
		},
		{
			"from": [7.5, 0, 5],
			"to": [8.5, 3, 7],
			"rotation": {"angle": 0, "axis": "y", "origin": [7.5, 0, 5]},
			"faces": {
				"north": {"uv": [1, 13, 1.5, 14.5], "texture": "#0"},
				"east": {"uv": [0, 13, 1, 14.5], "texture": "#0"},
				"south": {"uv": [2.5, 13, 3, 14.5], "texture": "#0"},
				"west": {"uv": [1.5, 13, 2.5, 14.5], "texture": "#0"},
				"up": {"uv": [1.5, 13, 1, 12], "texture": "#0"},
				"down": {"uv": [2, 12, 1.5, 13], "texture": "#0"}
			}
		}
	],
	"display": {}
}