{
	"credit": "Made with Blockbench",
	"texture_size": [8, 8],
	"textures": {
		"0": "item/saj_id",
		"particle": "item/saj_id"
	},
	"elements": [
		{
			"from": [4, 0, 7],
			"to": [12, 6, 8],
			"rotation": {"angle": 0, "axis": "y", "origin": [8, 0, 7]},
			"faces": {
				"north": {"uv": [0, 0, 8, 6], "texture": "#0"},
				"east": {"uv": [8, 4, 8.5, 10], "texture": "#0"},
				"south": {"uv": [0, 6, 8, 12], "texture": "#0"},
				"west": {"uv": [10, 4, 10.5, 10], "texture": "#0"},
				"up": {"uv": [16, 0.5, 8, 0], "texture": "#0"},
				"down": {"uv": [16, 2, 8, 2.5], "texture": "#0"}
			}
		}
	],
	"gui_light": "front",
	"display": {
		"thirdperson_righthand": {
			"rotation": [0, 180, 0],
			"translation": [0, 7.25, -1]
		},
		"thirdperson_lefthand": {
			"rotation": [0, 180, 0],
			"translation": [0, 7.25, -1]
		},
		"firstperson_righthand": {
			"rotation": [-18, 180, 0],
			"translation": [1.75, 7, -2.5]
		},
		"firstperson_lefthand": {
			"rotation": [-18, 180, 0],
			"translation": [1.75, 7, -2.5]
		},
		"ground": {
			"translation": [0, 5, 0]
		},
		"gui": {
			"rotation": [21, 146, 0],
			"translation": [0.5, 8, 1.25],
			"scale": [1.6, 1.6, 1.6]
		},
		"head": {
			"translation": [0, 15.25, 7.75]
		},
		"fixed": {
			"translation": [0, 9.75, 1.25],
			"scale": [2, 2, 2]
		}
	}
}