{
	"format_version": "1.21.6",
	"credit": "Made with Blockbench",
	"parent": "minecraft:item/shield_blocking",
	"textures": {
		"1": "item/shield_boss",
		"particle": "item/shield_boss"
	},
	"elements": [
		{
			"from": [-2, -2, 2],
			"to": [2, 2, 3],
			"rotation": {"angle": 0, "axis": "y", "origin": [0, 1, 2]},
			"faces": {
				"north": {"uv": [1, 1, 5, 5], "texture": "#1"},
				"east": {"uv": [0, 1, 1, 5], "texture": "#1"},
				"south": {"uv": [6, 1, 10, 5], "texture": "#1"},
				"west": {"uv": [5, 1, 6, 5], "texture": "#1"},
				"up": {"uv": [5, 1, 1, 0], "texture": "#1"},
				"down": {"uv": [9, 0, 5, 1], "texture": "#1"}
			}
		}
	],
	"gui_light": "front"
}