{
	"format_version": "1.21.6",
	"credit": "Made with Blockbench",
	"parent": "minecraft:item/shield",
	"textures": {
		"1": "item/shield_boss",
		"particle": "item/shield_boss"
	},
	"elements": [
		{
			"from": [-2, -2, 2],
			"to": [2, 2, 3],
			"rotation": {"angle": 0, "axis": "y", "origin": [0, 1, 2]},
			"faces": {
				"north": {"uv": [1, 1, 5, 5], "texture": "#1"},
				"east": {"uv": [0, 1, 1, 5], "texture": "#1"},
				"south": {"uv": [6, 1, 10, 5], "texture": "#1"},
				"west": {"uv": [5, 1, 6, 5], "texture": "#1"},
				"up": {"uv": [5, 1, 1, 0], "texture": "#1"},
				"down": {"uv": [9, 0, 5, 1], "texture": "#1"}
			}
		}
	],
	"gui_light": "front",
	"display": {
		"thirdperson_righthand": {
			"rotation": [0, 90, 0],
			"translation": [10, 6, -4]
		},
		"thirdperson_lefthand": {
			"rotation": [0, 90, 0],
			"translation": [10, 6, 12]
		},
		"firstperson_righthand": {
			"rotation": [0, -180, 5],
			"translation": [-10, 2, -10],
			"scale": [1.25, 1.25, 1.25]
		},
		"firstperson_lefthand": {
			"rotation": [0, -180, 5],
			"translation": [10, 0, -10],
			"scale": [1.25, 1.25, 1.25]
		},
		"ground": {
			"translation": [2, 4, 2],
			"scale": [0.25, 0.25, 0.25]
		},
		"gui": {
			"rotation": [15, -25, -5],
			"translation": [2, 3, 0],
			"scale": [0.65, 0.65, 0.65]
		},
		"fixed": {
			"rotation": [0, -180, 0],
			"translation": [-4.5, 4.5, -5],
			"scale": [0.55, 0.55, 0.55]
		}
	}
}