{
	"credit": "Made with Blockbench",
	"ambientocclusion": false,
	"parent": "minecraft:item/handheld",
	"textures": {
		"layer0": "item/soul_fire_sword"
	},
	"gui_light": "front",
	"display": {
		"thirdperson_righthand": {
			"rotation": [0, -90, 55],
			"translation": [0, 4.5, 0.5],
			"scale": [1.00937, 1.00937, 1.00937]
		},
		"thirdperson_lefthand": {
			"rotation": [0, 90, -55],
			"translation": [0, 4.5, 0.5],
			"scale": [1.00937, 1.00937, 1.00937]
		},
		"firstperson_righthand": {
			"rotation": [0, -90, 25],
			"translation": [1.13, 3.2, 1.13],
			"scale": [0.8075, 0.8075, 0.8075]
		},
		"firstperson_lefthand": {
			"rotation": [0, 90, -25],
			"translation": [1.13, 3.2, 1.13],
			"scale": [0.8075, 0.8075, 0.8075]
		},
		"ground": {
			"translation": [0, 2, 0],
			"scale": [0.5, 0.5, 0.5]
		},
		"head": {
			"rotation": [0, 180, 0],
			"translation": [0, 13, 7]
		},
		"fixed": {
			"rotation": [0, 180, 0]
		}
	}
}