{
	"format_version": "1.21.6",
	"credit": "Made with Blockbench",
	"textures": {
		"0": "item/spellbook_3d",
		"1": "item/spellbook_3d_overlay",
		"particle": "item/spellbook_3d"
	},
	"elements": [
		{
			"from": [7, 8, 3],
			"to": [9, 8.001, 13],
			"rotation": {"angle": 0, "axis": "z", "origin": [8, 8, 8]},
			"faces": {
				"north": {"uv": [0, 0, 0.5, 0], "rotation": 180, "texture": "#0"},
				"east": {"uv": [0, 0, 0, 5], "rotation": 90, "texture": "#0"},
				"south": {"uv": [0, 0, 0.5, 0], "texture": "#0"},
				"west": {"uv": [0, 0, 0, 5], "rotation": 270, "texture": "#0"},
				"up": {"uv": [3.5, 0, 4, 5], "texture": "#0"},
				"down": {"uv": [3, 0, 3.5, 5], "rotation": 180, "texture": "#0"}
			}
		},
		{
			"name": "ribbon spine",
			"from": [6.999, 7.999, 6.999],
			"to": [9.001, 8.002, 9.001],
			"rotation": {"angle": 0, "axis": "y", "origin": [8, 8, 8]},
			"faces": {
				"north": {"uv": [0, 0, 0.5, 0], "rotation": 180, "texture": "#1", "tintindex": 0},
				"east": {"uv": [0, 0, 0, 5], "rotation": 90, "texture": "#1", "tintindex": 0},
				"south": {"uv": [0, 0, 0.5, 0], "texture": "#1", "tintindex": 0},
				"west": {"uv": [0, 0, 0, 5], "rotation": 270, "texture": "#1", "tintindex": 0},
				"up": {"uv": [0, 11, 0.5, 16], "texture": "#1", "tintindex": 0},
				"down": {"uv": [3.5, 2, 4, 3], "rotation": 180, "texture": "#1", "tintindex": 0}
			}
		},
		{
			"from": [1.07612, 7.61732, 3],
			"to": [7.07612, 7.61832, 13],
			"rotation": {"angle": -22.5, "axis": "z", "origin": [8, 8, 8]},
			"faces": {
				"north": {"uv": [0, 0, 1.5, 0], "rotation": 180, "texture": "#0"},
				"east": {"uv": [0, 0, 0, 5], "rotation": 90, "texture": "#0"},
				"south": {"uv": [0, 0, 1.5, 0], "texture": "#0"},
				"west": {"uv": [0, 0, 0, 5], "rotation": 270, "texture": "#0"},
				"up": {"uv": [0, 0, 1.5, 5], "texture": "#0"},
				"down": {"uv": [1.5, 0, 3, 5], "rotation": 180, "texture": "#0"}
			}
		},
		{
			"name": "ribbon left",
			"from": [-0.92488, 7.6163, 6.999],
			"to": [7.07712, 7.6193, 9.001],
			"rotation": {"angle": -22.5, "axis": "z", "origin": [8, 8, 8]},
			"faces": {
				"north": {"uv": [0, 0, 1.5, 0], "rotation": 180, "texture": "#1", "tintindex": 0},
				"east": {"uv": [0, 0, 0, 5], "rotation": 90, "texture": "#1", "tintindex": 0},
				"south": {"uv": [0, 0, 1.5, 0], "texture": "#1", "tintindex": 0},
				"west": {"uv": [0, 0, 0, 5], "rotation": 270, "texture": "#1", "tintindex": 0},
				"up": {"uv": [7, 2, 9, 3], "texture": "#1", "tintindex": 0},
				"down": {"uv": [1.5, 2, 3.5, 3], "rotation": 180, "texture": "#1", "tintindex": 0}
			}
		},
		{
			"name": "page",
			"from": [2.73076, 7.99672, 4],
			"to": [7.73076, 8.99672, 12],
			"rotation": {"angle": -22.5, "axis": "z", "origin": [8, 8, 8]},
			"faces": {
				"north": {"uv": [0.25, 5, 1.5, 5.5], "rotation": 180, "texture": "#0"},
				"east": {"uv": [1.5, 5.5, 1.75, 9.5], "rotation": 90, "texture": "#0"},
				"south": {"uv": [1.5, 5, 2.75, 5.5], "texture": "#0"},
				"west": {"uv": [0, 5.5, 0.25, 9.5], "rotation": 270, "texture": "#0"},
				"up": {"uv": [0.25, 5.5, 1.5, 9.5], "texture": "#0"},
				"down": {"uv": [1.75, 5.5, 3, 9.5], "rotation": 180, "texture": "#0"}
			}
		},
		{
			"from": [8.92388, 7.61732, 3],
			"to": [14.92388, 7.61832, 13],
			"rotation": {"angle": 22.5, "axis": "z", "origin": [8, 8, 8]},
			"faces": {
				"north": {"uv": [0, 0, 1.5, 0], "rotation": 180, "texture": "#0"},
				"east": {"uv": [0, 0, 0, 5], "rotation": 90, "texture": "#0"},
				"south": {"uv": [0, 0, 1.5, 0], "texture": "#0"},
				"west": {"uv": [0, 0, 0, 5], "rotation": 270, "texture": "#0"},
				"up": {"uv": [4, 0, 5.5, 5], "texture": "#0"},
				"down": {"uv": [5.5, 0, 7, 5], "rotation": 180, "texture": "#0"}
			}
		},
		{
			"name": "ribbon right",
			"from": [8.92288, 7.6163, 6.999],
			"to": [14.92488, 7.6193, 9.001],
			"rotation": {"angle": 22.5, "axis": "z", "origin": [8, 8, 8]},
			"faces": {
				"north": {"uv": [0, 0, 1.5, 0], "rotation": 180, "texture": "#1", "tintindex": 0},
				"east": {"uv": [0, 0, 0, 5], "rotation": 90, "texture": "#1", "tintindex": 0},
				"south": {"uv": [0, 0, 1.5, 0], "texture": "#1", "tintindex": 0},
				"west": {"uv": [0, 0, 0, 5], "rotation": 270, "texture": "#1", "tintindex": 0},
				"up": {"uv": [0, 11, 0, 16], "texture": "#1", "tintindex": 0},
				"down": {"uv": [4, 2, 5.5, 3], "rotation": 180, "texture": "#1", "tintindex": 0}
			}
		},
		{
			"name": "page",
			"from": [8.26924, 7.99672, 4],
			"to": [13.26924, 8.99672, 12],
			"rotation": {"angle": 22.5, "axis": "z", "origin": [8, 8, 8]},
			"faces": {
				"north": {"uv": [3.25, 5, 4.5, 5.5], "rotation": 180, "texture": "#0"},
				"east": {"uv": [4.5, 5.5, 4.75, 9.5], "rotation": 90, "texture": "#0"},
				"south": {"uv": [4.5, 5, 5.75, 5.5], "texture": "#0"},
				"west": {"uv": [3, 5.5, 3.25, 9.5], "rotation": 270, "texture": "#0"},
				"up": {"uv": [3.25, 5.5, 4.5, 9.5], "texture": "#0"},
				"down": {"uv": [4.75, 5.5, 6, 9.5], "rotation": 180, "texture": "#0"}
			}
		}
	],
	"display": {
		"thirdperson_righthand": {
			"rotation": [90, 0, 0],
			"translation": [0, 5, 0],
			"scale": [1.125, 1.125, 1.125]
		},
		"thirdperson_lefthand": {
			"rotation": [90, 0, 0],
			"translation": [0, 5, 0],
			"scale": [1.125, 1.125, 1.125]
		},
		"firstperson_righthand": {
			"rotation": [69, 0, 0],
			"translation": [0, 1.75, -1]
		},
		"firstperson_lefthand": {
			"rotation": [69, 0, 0],
			"translation": [0, 1.75, -1]
		},
		"head": {
			"rotation": [-180, 0, 0],
			"translation": [0, 8.25, 0],
			"scale": [2, 2, 2]
		}
	}
}