{
  "model": {
    "type": "minecraft:select",
    "cases": [
      {
        "model": {
          "type": "minecraft:model",
          "model": "item/spellbook_2d",
          "tints": [
            {
              "type": "minecraft:dye",
              "default": -1
            }
          ]
        },
        "when": [
          "gui",
          "ground",
          "fixed"
        ]
      }
    ],
    "property": "minecraft:display_context",
    "fallback": {
      "type": "minecraft:model",
      "model": "item/spellbook_3d",
      "tints": [
        {
          "type": "minecraft:dye",
          "default": -1
        }
      ]
    }
  },
  "hand_animation_on_swap": true
}