{
    "model": {
        "type": "minecraft:select",
        "property": "minecraft:component",
        "component": "minecraft:custom_data",
        "cases": [
            {
                "when": {
                    "tarot": "star"
                },
                "model": {
                    "type": "minecraft:model",
                    "model": "minecraft:item/tarot/star"
                }
            },
            {
                "when": {
                    "tarot": "empress"
                },
                "model": {
                    "type": "minecraft:model",
                    "model": "minecraft:item/tarot/empress"
                }
            },
            {
                "when": {
                    "tarot": "lovers"
                },
                "model": {
                    "type": "minecraft:model",
                    "model": "minecraft:item/tarot/lovers"
                }
            },
            {
                "when": {
                    "tarot": "moon"
                },
                "model": {
                    "type": "minecraft:model",
                    "model": "minecraft:item/tarot/moon"
                }
            },
            {
                "when": {
                    "tarot": "strength"
                },
                "model": {
                    "type": "minecraft:model",
                    "model": "minecraft:item/tarot/strength"
                }
            },
            {
                "when": {
                    "tarot": "chariot"
                },
                "model": {
                    "type": "minecraft:model",
                    "model": "minecraft:item/tarot/chariot"
                }
            },
            {
                "when": {
                    "tarot": "sun"
                },
                "model": {
                    "type": "minecraft:model",
                    "model": "minecraft:item/tarot/sun"
                }
            },
            {
                "when": {
                    "tarot": "death"
                },
                "model": {
                    "type": "minecraft:model",
                    "model": "minecraft:item/tarot/death"
                }
            }
        ]
    }
}